name,email,team,course_status,deadline
Ana Torres,ana.torres@example.com,Platform,completed,2026-06-30
Luis Mendoza,luis.mendoza@example.com,Platform,pending,2026-06-15
Sofia Reyes,sofia.reyes@example.com,Data,in_progress,2026-08-01
Diego Fuentes,diego.fuentes@example.com,Data,Pending,2026-06-20
Camila Ortiz,camila.ortiz@example.com,Mobile,completed,2026-07-01
Jorge Salinas,jorge.salinas@example.com,Mobile,pending,2026-5-30
Valeria Nunez,valeria.nunez@example.com,Platform,in_progress ,2026-07-10
Emilio Castro,emilio.castro@example.com,Data,completed,2026-05-30
Renata Vega,renata.vega@example.com,Mobile
